client_id,total_transactions,total_spend,avg_transaction,refund_count,failed_transactions,customer_type,activity_level
0,57,2973.6,52.16842105263158,3,1,High Value,High
1,34,1309.21,38.50617647058824,0,1,Regular,Medium
2,41,1002.26,24.445365853658537,5,0,Regular,Medium
3,28,1447.12,51.68285714285714,0,2,Regular,Medium
4,37,2109.87,57.023513513513514,0,0,High Value,Medium
5,22,1713.52,77.88727272727273,1,0,High Value,Medium
11,38,1302.76,34.28315789473684,1,1,Regular,Medium
13,29,857.57,29.57137931034483,3,0,Regular,Medium
14,26,1630.96,62.72923076923077,1,0,High Value,Medium
16,33,1560.37,47.28393939393939,2,1,High Value,Medium
17,69,3291.96,47.70956521739131,1,2,High Value,High
19,14,171.46,12.247142857142858,0,0,Regular,Low
20,50,1084.92,21.698400000000003,2,1,Regular,Medium
21,31,1748.24,56.39483870967742,2,0,High Value,Medium
22,11,317.62,28.874545454545455,0,0,Regular,Low
24,30,1115.67,37.189,1,0,Regular,Medium
27,36,1329.04,36.91777777777778,2,0,Regular,Medium
28,20,1344.5,67.225,0,0,Regular,Low
32,38,1607.09,42.29184210526316,3,0,High Value,Medium
33,43,2034.5,47.31395348837209,1,1,High Value,Medium
34,60,2848.59,47.4765,2,0,High Value,High
37,63,1687.99,26.793492063492064,13,0,High Value,High
38,45,1134.39,25.20866666666667,3,2,Regular,Medium
39,63,3972.86,63.06126984126984,0,2,High Value,High
40,26,800.61,30.79269230769231,1,0,Regular,Medium
42,34,1038.79,30.552647058823528,1,0,Regular,Medium
44,31,1074.81,34.671290322580646,2,0,Regular,Medium
45,25,376.69,15.0676,1,0,Regular,Medium
46,43,1898.18,44.14372093023256,4,0,High Value,Medium
47,40,1069.3899999999999,26.73475,4,1,Regular,Medium
48,30,505.82,16.860666666666667,3,0,Regular,Medium
50,21,1184.69,56.413809523809526,2,0,Regular,Medium
51,35,1551.33,44.32371428571428,2,1,High Value,Medium
52,79,5819.25,73.6613924050633,2,6,High Value,High
53,87,1665.55,19.144252873563218,18,2,High Value,High
55,69,876.62,12.70463768115942,1,0,Regular,High
57,43,1199.97,27.906279069767443,2,1,Regular,Medium
58,30,2429.87,80.99566666666666,0,2,High Value,Medium
59,50,1285.98,25.7196,0,1,Regular,Medium
60,43,3758.5,87.40697674418605,0,2,High Value,Medium
61,47,2101.0,44.702127659574465,1,0,High Value,Medium
62,47,1095.6,23.310638297872337,2,1,Regular,Medium
63,48,983.65,20.492708333333333,0,2,Regular,Medium
64,34,2473.39,72.74676470588236,0,0,High Value,Medium
65,35,1225.45,35.01285714285714,1,0,Regular,Medium
68,49,2910.52,59.39836734693878,0,3,High Value,Medium
69,28,849.1,30.325,4,2,Regular,Medium
73,24,1799.76,74.99,0,1,High Value,Medium
74,15,546.47,36.431333333333335,1,0,Regular,Low
75,43,1058.06,24.606046511627905,2,1,Regular,Medium
77,63,4792.66,76.07396825396825,1,0,High Value,High
78,37,1087.7,29.3972972972973,2,1,Regular,Medium
79,33,2172.61,65.83666666666667,2,0,High Value,Medium
80,29,507.76000000000005,17.508965517241382,3,0,Regular,Medium
81,51,1927.72,37.79843137254902,2,1,High Value,High
84,53,1444.99,27.263962264150944,0,1,Regular,High
86,7,282.96,40.42285714285714,0,0,Regular,Low
87,50,1724.46,34.489200000000004,0,1,High Value,Medium
89,55,1874.95,34.09,2,0,High Value,High
90,39,1666.44,42.72923076923077,3,0,High Value,Medium
92,42,1860.01,44.28595238095238,2,0,High Value,Medium
94,51,2069.85,40.58529411764706,1,1,High Value,High
96,154,10389.710000000001,67.46564935064936,27,3,High Value,High
98,76,2805.84,36.91894736842105,1,3,High Value,High
100,21,855.1099999999999,40.71952380952381,4,0,Regular,Medium
103,20,571.7099999999999,28.585499999999996,3,0,Regular,Low
104,22,1042.59,47.39045454545454,1,1,Regular,Medium
106,60,1153.57,19.226166666666664,2,0,Regular,High
107,18,728.7,40.483333333333334,1,0,Regular,Low
110,24,1618.88,67.45333333333333,1,0,High Value,Medium
112,135,4075.7599999999998,30.190814814814814,4,4,High Value,High
113,17,1258.17,74.01,0,0,Regular,Low
114,166,2907.39,17.514397590361444,32,3,High Value,High
115,33,2368.73,71.77969696969697,0,0,High Value,Medium
116,28,1343.19,47.97107142857143,1,0,Regular,Medium
118,29,2037.49,70.25827586206897,0,1,High Value,Medium
119,22,938.28,42.64909090909091,2,1,Regular,Medium
120,16,1147.3,71.70625,2,0,Regular,Low
121,45,2612.18,58.04844444444444,1,1,High Value,Medium
122,34,1347.77,39.64029411764706,3,1,Regular,Medium
123,43,2358.65,54.85232558139535,0,0,High Value,Medium
124,28,669.85,23.923214285714288,0,0,Regular,Medium
125,32,602.42,18.825625,1,0,Regular,Medium
126,40,890.58,22.2645,0,0,Regular,Medium
127,46,2320.59,50.44760869565218,7,0,High Value,Medium
128,27,464.49,17.203333333333333,4,1,Regular,Medium
132,17,703.5,41.38235294117647,0,0,Regular,Low
133,29,1601.76,55.23310344827586,1,0,High Value,Medium
134,20,757.95,37.8975,1,0,Regular,Low
135,69,2715.1,39.34927536231884,3,0,High Value,High
137,57,2421.84,42.48842105263158,3,2,High Value,High
138,34,526.35,15.480882352941178,2,1,Regular,Medium
140,38,852.53,22.435,0,0,Regular,Medium
141,44,688.1700000000001,15.640227272727275,4,0,Regular,Medium
142,55,3716.14,67.56618181818182,2,1,High Value,High
144,59,1851.75,31.385593220338983,4,1,High Value,High
145,31,4.230000000000004,0.13645161290322594,6,0,Regular,Medium
146,28,2104.61,75.16464285714287,2,0,High Value,Medium
147,23,1318.56,57.32869565217391,3,0,Regular,Medium
148,36,1087.27,30.201944444444443,1,1,Regular,Medium
149,23,1453.98,63.216521739130435,1,0,Regular,Medium
150,43,3044.7799999999997,70.80883720930233,0,0,High Value,Medium
152,30,2310.33,77.011,2,1,High Value,Medium
153,17,761.94,44.82,1,0,Regular,Low
154,69,2575.82,37.330724637681165,12,3,High Value,High
155,33,1087.74,32.96181818181818,0,1,Regular,Medium
156,51,890.6,17.462745098039218,3,1,Regular,High
157,53,1908.83,36.015660377358486,1,1,High Value,High
160,22,736.44,33.474545454545456,0,1,Regular,Medium
161,48,1204.69,25.097708333333333,1,0,Regular,Medium
162,21,1264.24,60.201904761904764,1,0,Regular,Medium
164,36,1558.94,43.30388888888889,1,1,High Value,Medium
165,58,5244.93,90.4298275862069,2,0,High Value,High
169,24,320.28000000000003,13.345,0,0,Regular,Medium
170,19,987.78,51.98842105263158,0,1,Regular,Low
171,55,2999.21,54.531090909090906,9,1,High Value,High
172,13,725.09,55.776153846153846,0,1,Regular,Low
173,37,1768.2,47.78918918918919,3,0,High Value,Medium
176,58,2965.43,51.12810344827586,0,0,High Value,High
177,35,3740.44,106.86971428571428,1,1,High Value,Medium
178,38,2614.37,68.79921052631579,0,1,High Value,Medium
180,19,844.9399999999999,44.47052631578947,0,2,Regular,Low
184,32,1435.74,44.866875,4,0,Regular,Medium
185,45,1181.18,26.248444444444445,0,1,Regular,Medium
190,67,3023.82,45.13164179104478,1,2,High Value,High
194,60,1467.18,24.453,15,0,Regular,High
196,23,1429.5400000000002,62.15391304347827,1,0,Regular,Medium
197,38,1777.44,46.77473684210526,1,1,High Value,Medium
198,20,1311.34,65.567,1,1,Regular,Low
199,41,1085.13,26.46658536585366,4,1,Regular,Medium
200,44,1842.5,41.875,1,0,High Value,Medium
201,15,463.75,30.916666666666668,3,0,Regular,Low
203,31,1954.17,63.03774193548387,3,0,High Value,Medium
205,31,1304.38,42.07677419354839,2,2,Regular,Medium
206,22,1883.74,85.62454545454545,1,0,High Value,Medium
207,12,1641.24,136.77,1,0,High Value,Low
208,110,4461.48,40.55890909090909,19,7,High Value,High
209,43,1015.59,23.618372093023257,2,0,Regular,Medium
211,52,897.04,17.25076923076923,1,0,Regular,High
212,39,1086.8799999999999,27.868717948717947,1,0,Regular,Medium
213,35,2016.26,57.60742857142857,3,0,High Value,Medium
216,22,852.28,38.74,1,1,Regular,Medium
217,41,1411.54,34.42780487804878,1,0,Regular,Medium
218,33,1081.59,32.775454545454544,0,0,Regular,Medium
219,18,685.8100000000001,38.10055555555556,1,1,Regular,Low
220,23,1338.42,58.19217391304348,1,0,Regular,Medium
222,13,1765.94,135.84153846153848,1,0,High Value,Low
225,35,1606.79,45.90828571428571,6,1,High Value,Medium
227,34,2055.78,60.46411764705883,0,1,High Value,Medium
229,46,1420.79,30.886739130434783,5,0,Regular,Medium
230,22,235.91000000000003,10.72318181818182,4,0,Regular,Medium
231,35,1889.57,53.98771428571428,0,0,High Value,Medium
233,24,1828.74,76.1975,0,0,High Value,Medium
234,37,2059.38,55.65891891891892,0,0,High Value,Medium
235,35,1996.16,57.033142857142856,2,0,High Value,Medium
236,29,3621.59,124.88241379310345,1,0,High Value,Medium
237,17,1906.1200000000001,112.12470588235294,0,0,High Value,Low
240,23,823.55,35.80652173913043,0,0,Regular,Medium
241,44,1252.26,28.460454545454546,2,3,Regular,Medium
242,23,1025.28,44.57739130434783,0,1,Regular,Medium
244,23,817.72,35.55304347826087,1,0,Regular,Medium
246,29,2875.75,99.16379310344827,2,1,High Value,Medium
247,61,5323.52,87.27081967213115,1,3,High Value,High
248,36,1265.6,35.15555555555555,1,2,Regular,Medium
249,20,763.31,38.165499999999994,0,0,Regular,Low
250,45,1572.19,34.937555555555555,1,1,High Value,Medium
252,58,2436.76,42.013103448275864,0,0,High Value,High
254,81,4604.65,56.84753086419752,2,1,High Value,High
256,37,886.75,23.966216216216218,2,0,Regular,Medium
257,33,1109.08,33.60848484848485,3,0,Regular,Medium
260,14,457.18,32.65571428571429,0,0,Regular,Low
261,38,1804.1100000000001,47.476578947368424,2,0,High Value,Medium
264,35,1148.66,32.81885714285715,1,1,Regular,Medium
265,35,1289.96,36.856,0,1,Regular,Medium
267,20,342.09,17.104499999999998,2,0,Regular,Low
273,36,781.14,21.698333333333334,8,0,Regular,Medium
274,27,2201.9700000000003,81.55444444444446,0,0,High Value,Medium
275,83,3770.99,45.433614457831325,1,1,High Value,High
277,43,1704.39,39.63697674418605,1,1,High Value,Medium
278,54,4859.63,89.99314814814815,0,0,High Value,High
280,48,2461.09,51.272708333333334,4,1,High Value,Medium
282,24,514.46,21.435833333333335,2,1,Regular,Medium
285,124,5897.2,47.55806451612903,2,1,High Value,High
286,32,1219.21,38.1003125,3,0,Regular,Medium
287,25,278.68,11.1472,1,1,Regular,Medium
291,52,1974.88,37.97846153846154,1,2,High Value,High
293,41,973.49,23.743658536585365,0,0,Regular,Medium
299,8,513.0799999999999,64.13499999999999,1,0,Regular,Low
300,20,374.72,18.736,2,0,Regular,Low
301,51,1545.15,30.297058823529415,1,1,High Value,High
303,68,5202.81,76.51191176470589,4,1,High Value,High
305,44,1100.32,25.007272727272724,1,0,Regular,Medium
311,11,231.88,21.08,1,0,Regular,Low
313,29,538.3199999999999,18.562758620689653,0,0,Regular,Medium
315,19,1192.3,62.752631578947366,0,0,Regular,Low
316,41,3790.9700000000003,92.46268292682927,2,0,High Value,Medium
317,9,424.6,47.17777777777778,1,0,Regular,Low
319,37,2857.56,77.23135135135135,1,1,High Value,Medium
320,29,2876.72,99.19724137931034,1,1,High Value,Medium
321,24,1054.34,43.93083333333333,0,1,Regular,Medium
322,25,298.05,11.922,1,1,Regular,Medium
323,63,977.08,15.50920634920635,14,0,Regular,High
327,79,3354.97,42.4679746835443,3,1,High Value,High
328,32,2301.91,71.9346875,1,0,High Value,Medium
329,70,2575.58,36.794,3,1,High Value,High
331,18,613.84,34.102222222222224,2,1,Regular,Low
332,39,1341.51,34.39769230769231,1,0,Regular,Medium
334,16,953.51,59.594375,0,0,Regular,Low
335,31,1579.43,50.94935483870968,1,1,High Value,Medium
338,37,1683.06,45.48810810810811,2,0,High Value,Medium
343,34,881.0400000000001,25.91294117647059,3,0,Regular,Medium
345,22,880.52,40.02363636363636,0,0,Regular,Medium
346,33,2123.46,64.34727272727272,0,0,High Value,Medium
348,19,361.63,19.033157894736842,4,0,Regular,Low
349,45,676.53,15.033999999999999,1,0,Regular,Medium
350,47,1930.66,41.077872340425536,5,1,High Value,Medium
351,33,993.8000000000001,30.115151515151517,2,0,Regular,Medium
354,39,1827.07,46.84794871794872,0,1,High Value,Medium
356,51,2167.06,42.49137254901961,0,0,High Value,High
357,39,2234.02,57.2825641025641,0,0,High Value,Medium
359,41,1689.28,41.201951219512196,3,0,High Value,Medium
360,52,1382.84,26.59307692307692,0,0,Regular,High
361,19,1027.64,54.08631578947369,1,0,Regular,Low
362,50,3723.53,74.4706,2,2,High Value,Medium
363,39,1592.48,40.83282051282051,2,1,High Value,Medium
364,41,2326.38,56.7409756097561,1,1,High Value,Medium
366,60,1902.19,31.703166666666668,1,1,High Value,High
368,51,1758.06,34.47176470588235,1,1,High Value,High
369,46,4061.5,88.29347826086956,1,2,High Value,Medium
370,24,993.12,41.38,0,0,Regular,Medium
371,79,4746.41,60.081139240506324,0,0,High Value,High
373,88,1896.58,21.552045454545453,14,5,High Value,High
374,35,1876.3,53.60857142857143,1,1,High Value,Medium
375,35,1784.9,50.99714285714286,1,0,High Value,Medium
376,69,4542.9,65.8391304347826,0,2,High Value,High
377,57,2765.04,48.509473684210526,2,3,High Value,High
379,86,1855.3799999999999,21.574186046511628,2,1,High Value,High
380,32,486.81,15.2128125,4,1,Regular,Medium
383,23,64.57999999999997,2.8078260869565206,2,0,Regular,Medium
385,24,227.88,9.495,3,0,Regular,Medium
386,57,2083.4900000000002,36.552456140350884,1,3,High Value,High
387,16,292.6,18.2875,0,1,Regular,Low
391,21,1245.32,59.30095238095238,0,1,Regular,Medium
393,21,944.9699999999999,44.998571428571424,1,0,Regular,Medium
394,76,2207.37,29.044342105263155,3,2,High Value,High
395,21,2042.94,97.28285714285714,1,0,High Value,Medium
397,26,751.28,28.895384615384614,2,2,Regular,Medium
398,23,850.1,36.96086956521739,3,0,Regular,Medium
400,23,825.47,35.89,1,0,Regular,Medium
401,51,1366.39,26.791960784313726,2,1,Regular,High
402,48,1282.95,26.728125000000002,3,1,Regular,Medium
403,13,967.81,74.44692307692307,0,0,Regular,Low
408,56,2993.98,53.463928571428575,0,1,High Value,High
410,4,-209.9,-52.475,2,0,Regular,Low
414,34,2351.13,69.15088235294118,4,0,High Value,Medium
415,27,689.39,25.532962962962962,0,1,Regular,Medium
416,32,455.58,14.236875,3,0,Regular,Medium
419,44,646.28,14.688181818181818,5,0,Regular,Medium
421,64,1611.66,25.1821875,1,0,High Value,High
425,77,4007.21,52.04168831168831,9,3,High Value,High
427,22,650.7,29.577272727272728,2,0,Regular,Medium
428,28,1232.47,44.01678571428572,1,0,Regular,Medium
430,67,3420.49,51.052089552238805,0,2,High Value,High
432,34,1647.78,48.46411764705882,3,2,High Value,Medium
433,39,1574.79,40.379230769230766,0,0,High Value,Medium
434,31,1900.35,61.3016129032258,1,1,High Value,Medium
437,32,1612.94,50.404375,5,2,High Value,Medium
438,15,505.52,33.70133333333333,2,0,Regular,Low
441,27,1091.82,40.437777777777775,0,0,Regular,Medium
442,50,4021.37,80.42739999999999,3,1,High Value,Medium
447,18,509.96,28.33111111111111,2,0,Regular,Low
449,31,1498.28,48.3316129032258,0,0,Regular,Medium
450,35,2224.65,63.56142857142857,2,1,High Value,Medium
451,33,2012.92,60.99757575757576,0,0,High Value,Medium
452,51,2297.75,45.05392156862745,0,1,High Value,High
455,27,2042.34,75.64222222222222,0,0,High Value,Medium
456,53,2625.64,49.54037735849057,3,2,High Value,High
457,32,3142.31,98.1971875,2,0,High Value,Medium
458,21,2113.45,100.64047619047618,1,0,High Value,Medium
459,16,734.12,45.8825,0,0,Regular,Low
460,36,1353.04,37.58444444444444,2,0,Regular,Medium
461,61,1797.1399999999999,29.461311475409833,4,0,High Value,High
462,34,2920.57,85.89911764705883,1,0,High Value,Medium
464,90,5220.19,58.002111111111105,3,3,High Value,High
465,26,306.29,11.780384615384616,2,1,Regular,Medium
467,44,1402.95,31.885227272727274,1,1,Regular,Medium
468,21,343.55,16.35952380952381,4,0,Regular,Medium
469,38,1725.48,45.40736842105263,1,1,High Value,Medium
470,32,1611.28,50.3525,0,0,High Value,Medium
472,61,1632.22,26.757704918032786,11,1,High Value,High
473,23,580.58,25.242608695652176,0,1,Regular,Medium
474,78,4811.889999999999,61.690897435897426,2,0,High Value,High
476,64,1986.44,31.038125,14,4,High Value,High
477,41,1247.46,30.425853658536585,3,0,Regular,Medium
478,21,1105.21,52.62904761904762,0,0,Regular,Medium
479,40,1151.45,28.786250000000003,1,0,Regular,Medium
480,37,1754.37,47.4154054054054,3,1,High Value,Medium
483,15,723.37,48.224666666666664,1,0,Regular,Low
487,61,4935.12,80.90360655737705,1,1,High Value,High
488,102,7555.2,74.07058823529411,1,0,High Value,High
489,23,1094.66,47.59391304347827,1,1,Regular,Medium
490,100,9972.3,99.723,2,1,High Value,High
491,12,210.09,17.5075,3,1,Regular,Low
494,35,1221.65,34.90428571428572,1,0,Regular,Medium
496,14,351.09999999999997,25.078571428571426,1,0,Regular,Low
497,36,2290.12,63.614444444444445,1,0,High Value,Medium
502,88,2272.57,25.824659090909094,4,2,High Value,High
503,38,697.12,18.34526315789474,0,1,Regular,Medium
506,41,1822.93,44.46170731707317,1,0,High Value,Medium
509,55,1544.26,28.077454545454547,1,2,High Value,High
511,77,3210.34,41.692727272727275,1,1,High Value,High
514,44,1967.3,44.711363636363636,0,0,High Value,Medium
515,38,1085.11,28.55552631578947,3,0,Regular,Medium
517,15,368.74,24.582666666666668,1,0,Regular,Low
519,36,434.33,12.064722222222223,1,0,Regular,Medium
520,41,2301.49,56.13390243902438,0,1,High Value,Medium
523,28,1817.9,64.925,2,0,High Value,Medium
524,29,789.41,27.22103448275862,3,0,Regular,Medium
525,49,1651.53,33.70469387755102,1,1,High Value,Medium
526,54,3007.71,55.69833333333333,4,0,High Value,High
528,31,1092.49,35.24161290322581,3,1,Regular,Medium
530,48,1093.57,22.782708333333332,1,0,Regular,Medium
534,42,1622.15,38.62261904761905,0,0,High Value,Medium
538,40,1832.3,45.8075,1,2,High Value,Medium
542,28,451.77,16.134642857142858,2,1,Regular,Medium
543,35,1272.12,36.34628571428571,4,0,Regular,Medium
545,18,842.3,46.794444444444444,1,0,Regular,Low
546,14,769.0500000000001,54.932142857142864,1,0,Regular,Low
547,22,658.93,29.951363636363634,0,0,Regular,Medium
549,25,1564.84,62.593599999999995,0,0,High Value,Medium
550,53,2473.93,46.67792452830189,0,0,High Value,High
552,44,1491.65,33.90113636363637,16,0,Regular,Medium
554,60,2285.9300000000003,38.09883333333334,0,0,High Value,High
556,56,1531.75,27.352678571428573,0,0,High Value,High
557,58,3259.46,56.19758620689655,1,0,High Value,High
561,42,947.54,22.56047619047619,1,0,Regular,Medium
563,60,3022.73,50.37883333333333,0,1,High Value,High
564,48,2376.27,49.505625,0,0,High Value,Medium
565,54,3147.57,58.288333333333334,2,0,High Value,High
566,68,2616.75,38.481617647058826,1,2,High Value,High
569,7,491.36,70.19428571428571,0,0,Regular,Low
570,32,1443.23,45.1009375,0,0,Regular,Medium
571,49,1277.72,26.07591836734694,3,1,Regular,Medium
573,63,1145.72,18.186031746031748,4,1,Regular,High
575,25,782.4,31.296,2,1,Regular,Medium
576,38,1502.69,39.54447368421053,0,0,Regular,Medium
577,47,1296.17,27.57808510638298,1,1,Regular,Medium
580,63,2038.44,32.35619047619048,1,1,High Value,High
581,33,1839.74,55.74969696969697,0,1,High Value,Medium
582,12,83.47,6.9558333333333335,3,0,Regular,Low
583,29,659.13,22.728620689655173,0,0,Regular,Medium
584,41,939.69,22.91926829268293,0,1,Regular,Medium
585,49,1703.3999999999999,34.76326530612245,0,0,High Value,Medium
586,31,1327.1299999999999,42.81064516129032,1,1,Regular,Medium
589,10,600.83,60.083000000000006,0,0,Regular,Low
592,86,1703.76,19.811162790697676,5,0,High Value,High
595,13,360.39,27.72230769230769,1,0,Regular,Low
596,20,974.6,48.730000000000004,0,0,Regular,Low
597,46,1416.85,30.801086956521736,11,0,Regular,Medium
598,82,3050.32,37.199024390243906,5,0,High Value,High
601,32,1027.82,32.119375,0,0,Regular,Medium
602,55,2690.58,48.919636363636364,0,2,High Value,High
604,26,932.55,35.86730769230769,3,1,Regular,Medium
605,69,1396.59,20.240434782608695,1,1,Regular,High
608,25,616.29,24.6516,1,0,Regular,Medium
609,33,939.48,28.46909090909091,0,0,Regular,Medium
613,45,1127.6,25.057777777777776,0,0,Regular,Medium
614,32,873.89,27.3090625,2,0,Regular,Medium
615,51,3428.58,67.2270588235294,5,0,High Value,High
616,13,494.7,38.05384615384615,0,0,Regular,Low
618,17,284.01,16.706470588235295,0,0,Regular,Low
619,26,1677.46,64.51769230769231,0,0,High Value,Medium
621,24,995.24,41.468333333333334,0,0,Regular,Medium
623,26,713.72,27.450769230769232,8,0,Regular,Medium
628,26,3038.65,116.87115384615385,1,0,High Value,Medium
629,33,1278.8799999999999,38.75393939393939,2,0,Regular,Medium
630,73,5282.33,72.36068493150685,1,0,High Value,High
631,28,1465.59,52.342499999999994,0,1,Regular,Medium
633,18,1899.1100000000001,105.50611111111112,0,0,High Value,Low
634,39,2007.32,51.46974358974359,0,0,High Value,Medium
636,18,1348.07,74.89277777777778,0,0,Regular,Low
637,50,2270.8199999999997,45.416399999999996,2,0,High Value,Medium
638,20,463.16,23.158,2,0,Regular,Low
639,70,1958.44,27.977714285714285,2,1,High Value,High
641,87,3106.04,35.7016091954023,1,1,High Value,High
642,26,1083.23,41.66269230769231,0,0,Regular,Medium
643,49,1543.83,31.50673469387755,0,0,High Value,Medium
644,15,706.34,47.089333333333336,0,0,Regular,Low
646,34,1086.33,31.950882352941175,1,1,Regular,Medium
647,31,84.94,2.7399999999999998,10,0,Regular,Medium
648,26,396.74,15.25923076923077,0,0,Regular,Medium
649,39,1985.26,50.904102564102566,2,1,High Value,Medium
650,12,368.02,30.668333333333333,1,0,Regular,Low
652,58,1220.62,21.0451724137931,2,3,Regular,High
655,56,1112.09,19.858749999999997,0,1,Regular,High
657,18,-55.92,-3.106666666666667,1,0,Regular,Low
658,51,1591.7,31.20980392156863,4,0,High Value,High
659,40,1294.83,32.37075,2,0,Regular,Medium
660,24,408.66,17.0275,1,0,Regular,Medium
661,9,351.15999999999997,39.01777777777777,0,0,Regular,Low
662,51,2837.45,55.63627450980392,0,0,High Value,High
663,47,1616.27,34.388723404255316,2,0,High Value,Medium
665,31,1163.17,37.52161290322581,1,0,Regular,Medium
667,52,2081.73,40.03326923076923,0,0,High Value,High
668,60,1218.9,20.315,2,0,Regular,High
669,45,1504.83,33.440666666666665,0,1,High Value,Medium
671,29,1685.6,58.12413793103448,3,0,High Value,Medium
672,65,2024.5,31.146153846153847,4,3,High Value,High
674,56,905.42,16.168214285714285,0,0,Regular,High
675,26,585.3,22.51153846153846,1,0,Regular,Medium
676,66,2583.7799999999997,39.14818181818181,1,0,High Value,High
677,37,1107.75,29.93918918918919,5,1,Regular,Medium
678,33,1098.72,33.29454545454546,1,0,Regular,Medium
679,27,932.99,34.55518518518519,0,2,Regular,Medium
683,31,1262.23,40.71709677419355,3,1,Regular,Medium
684,18,346.85,19.269444444444446,2,1,Regular,Low
688,47,2007.0900000000001,42.70404255319149,1,0,High Value,Medium
692,41,744.68,18.16292682926829,2,0,Regular,Medium
696,35,3543.37,101.23914285714285,1,0,High Value,Medium
697,14,609.27,43.519285714285715,0,0,Regular,Low
699,38,663.34,17.456315789473685,0,2,Regular,Medium
702,60,4164.64,69.41066666666667,0,1,High Value,High
704,80,8187.16,102.3395,1,0,High Value,High
705,67,2324.0099999999998,34.686716417910446,3,0,High Value,High
706,37,2854.69,77.15378378378378,2,0,High Value,Medium
708,36,3214.8,89.30000000000001,0,0,High Value,Medium
709,24,654.87,27.28625,1,0,Regular,Medium
711,39,2424.73,62.1725641025641,1,3,High Value,Medium
712,28,1233.31,44.04678571428571,1,0,Regular,Medium
714,29,997.24,34.38758620689655,0,0,Regular,Medium
716,51,1830.0,35.88235294117647,1,0,High Value,High
719,36,1299.23,36.08972222222222,0,0,Regular,Medium
720,9,315.03999999999996,35.00444444444444,0,0,Regular,Low
721,31,980.15,31.61774193548387,0,1,Regular,Medium
723,34,601.4499999999999,17.68970588235294,2,0,Regular,Medium
724,25,2565.37,102.6148,1,2,High Value,Medium
726,36,1113.0,30.916666666666668,0,1,Regular,Medium
727,33,700.54,21.228484848484847,0,0,Regular,Medium
728,28,780.7900000000001,27.885357142857146,3,0,Regular,Medium
729,31,1549.17,49.973225806451616,1,2,High Value,Medium
731,15,1243.71,82.914,1,0,Regular,Low
732,19,858.36,45.176842105263155,2,0,Regular,Low
733,61,3958.44,64.89245901639345,0,3,High Value,High
734,30,572.58,19.086000000000002,1,1,Regular,Medium
737,49,1968.78,40.17918367346939,1,0,High Value,Medium
738,53,3489.83,65.84584905660377,3,1,High Value,High
742,22,1836.32,83.46909090909091,2,0,High Value,Medium
743,18,1289.43,71.635,2,0,Regular,Low
744,34,1341.56,39.457647058823525,0,0,Regular,Medium
746,44,2022.3600000000001,45.96272727272728,0,0,High Value,Medium
747,44,1337.08,30.388181818181817,0,0,Regular,Medium
748,15,335.34999999999997,22.356666666666666,2,0,Regular,Low
750,28,1114.77,39.81321428571429,0,1,Regular,Medium
751,28,-135.45999999999998,-4.837857142857142,5,0,Regular,Medium
752,21,836.17,39.81761904761905,4,0,Regular,Medium
753,21,650.16,30.959999999999997,1,0,Regular,Medium
754,61,3284.84,53.849836065573776,2,1,High Value,High
755,11,281.73,25.611818181818183,1,1,Regular,Low
756,23,91.93000000000004,3.996956521739132,5,0,Regular,Medium
757,46,2234.87,48.58413043478261,4,2,High Value,Medium
758,58,754.9,13.01551724137931,2,2,Regular,High
759,28,1218.99,43.535357142857144,1,1,Regular,Medium
760,42,1532.32,36.48380952380952,0,0,High Value,Medium
762,47,1790.88,38.10382978723405,3,0,High Value,Medium
763,54,5551.67,102.8087037037037,1,3,High Value,High
764,33,1540.49,46.68151515151515,4,3,High Value,Medium
771,27,1168.53,43.278888888888886,3,1,Regular,Medium
772,28,564.32,20.154285714285717,2,1,Regular,Medium
773,33,1428.47,43.2869696969697,1,1,Regular,Medium
774,32,1230.44,38.45125,1,1,Regular,Medium
776,32,3283.36,102.605,2,0,High Value,Medium
779,78,3680.56,47.18666666666667,2,1,High Value,High
780,27,547.1,20.262962962962963,3,0,Regular,Medium
782,90,3609.69,40.10766666666667,14,2,High Value,High
783,19,596.84,31.41263157894737,1,0,Regular,Low
789,22,2534.01,115.18227272727273,1,1,High Value,Medium
790,42,1327.72,31.612380952380953,1,0,Regular,Medium
791,21,784.6,37.36190476190476,3,1,Regular,Medium
793,24,92.60000000000001,3.858333333333334,3,1,Regular,Medium
794,6,358.01,59.66833333333333,0,0,Regular,Low
795,56,3216.89,57.44446428571428,1,1,High Value,High
797,32,2626.5,82.078125,2,1,High Value,Medium
798,30,1870.52,62.35066666666667,3,0,High Value,Medium
799,19,1512.71,79.61631578947369,1,0,High Value,Low
801,32,1110.38,34.699375,1,0,Regular,Medium
802,38,1292.6000000000001,34.015789473684215,4,1,Regular,Medium
803,35,1124.21,32.120285714285714,0,0,Regular,Medium
804,56,1713.3400000000001,30.595357142857146,3,2,High Value,High
807,28,1817.09,64.89607142857143,0,0,High Value,Medium
808,42,2858.8,68.06666666666668,0,0,High Value,Medium
810,60,2608.25,43.47083333333333,1,2,High Value,High
811,51,3615.67,70.89549019607843,1,1,High Value,High
814,38,1752.15,46.10921052631579,3,0,High Value,Medium
816,35,2141.01,61.171714285714295,2,0,High Value,Medium
819,19,655.18,34.48315789473684,1,0,Regular,Low
820,65,3177.03,48.87738461538462,2,0,High Value,High
821,17,419.67,24.686470588235295,1,0,Regular,Low
822,34,1384.07,40.707941176470584,1,1,Regular,Medium
823,33,771.15,23.368181818181817,6,0,Regular,Medium
825,33,2243.21,67.97606060606061,2,0,High Value,Medium
826,17,504.05,29.650000000000002,1,0,Regular,Low
827,23,1410.17,61.31173913043479,0,1,Regular,Medium
828,79,2234.41,28.283670886075946,2,0,High Value,High
831,19,237.72999999999996,12.512105263157892,2,0,Regular,Low
832,29,1735.43,59.842413793103454,1,0,High Value,Medium
837,28,1365.8300000000002,48.77964285714286,1,0,Regular,Medium
839,24,1666.04,69.41833333333334,2,1,High Value,Medium
840,48,5902.59,122.970625,1,0,High Value,Medium
843,28,1466.53,52.37607142857143,1,1,Regular,Medium
844,8,476.11,59.51375,0,0,Regular,Low
845,43,1861.18,43.28325581395349,0,0,High Value,Medium
846,72,3159.18,43.8775,0,1,High Value,High
847,49,2414.6,49.27755102040816,2,0,High Value,Medium
848,21,1487.87,70.85095238095238,0,0,Regular,Medium
849,38,788.31,20.744999999999997,2,0,Regular,Medium
850,18,597.88,33.215555555555554,0,2,Regular,Low
851,27,1034.1,38.3,0,0,Regular,Medium
852,83,1247.42,15.029156626506024,16,2,Regular,High
855,36,441.12,12.253333333333334,2,3,Regular,Medium
856,51,5206.44,102.0870588235294,2,2,High Value,High
858,64,1466.32,22.91125,14,0,Regular,High
859,44,1632.57,37.103863636363634,1,2,High Value,Medium
860,58,2772.16,47.79586206896551,2,0,High Value,High
862,23,681.63,29.63608695652174,1,0,Regular,Medium
863,13,603.89,46.45307692307692,0,0,Regular,Low
865,51,3378.23,66.23980392156862,1,2,High Value,High
866,39,1603.33,41.11102564102564,2,0,High Value,Medium
868,30,1268.04,42.268,2,0,Regular,Medium
869,26,1174.7,45.18076923076923,0,0,Regular,Medium
870,37,1483.96,40.10702702702703,0,0,Regular,Medium
871,72,2545.29,35.35125,3,2,High Value,High
872,49,1883.3600000000001,38.43591836734694,1,2,High Value,Medium
875,20,770.79,38.5395,1,0,Regular,Low
876,27,856.6,31.725925925925928,1,0,Regular,Medium
877,41,2466.02,60.146829268292684,2,2,High Value,Medium
879,43,994.1700000000001,23.120232558139538,4,1,Regular,Medium
882,33,971.61,29.44272727272727,4,2,Regular,Medium
883,11,615.74,55.97636363636364,1,0,Regular,Low
884,52,1373.79,26.41903846153846,2,1,Regular,High
885,39,512.8199999999999,13.149230769230767,0,0,Regular,Medium
888,18,1228.29,68.23833333333333,0,0,Regular,Low
890,33,1055.01,31.97,0,1,Regular,Medium
891,49,1608.17,32.81979591836735,3,3,High Value,Medium
895,22,808.77,36.76227272727272,0,0,Regular,Medium
897,4,59.06,14.765,0,0,Regular,Low
898,30,1010.5,33.68333333333333,4,1,Regular,Medium
900,24,920.88,38.37,1,1,Regular,Medium
901,25,1101.78,44.0712,0,1,Regular,Medium
905,30,1842.9,61.43,0,0,High Value,Medium
906,36,403.4100000000001,11.205833333333336,7,0,Regular,Medium
908,37,1875.5,50.689189189189186,1,0,High Value,Medium
909,156,2565.83,16.447628205128204,41,0,High Value,High
912,31,849.3100000000001,27.39709677419355,0,1,Regular,Medium
913,17,627.6700000000001,36.92176470588236,0,0,Regular,Low
914,65,822.46,12.65323076923077,18,2,Regular,High
917,17,854.15,50.24411764705882,0,0,Regular,Low
918,26,537.91,20.688846153846153,3,0,Regular,Medium
920,22,1081.66,49.16636363636364,0,0,Regular,Medium
921,57,3348.24,58.741052631578945,0,2,High Value,High
924,18,1233.51,68.52833333333334,0,0,Regular,Low
928,33,1228.81,37.236666666666665,1,0,Regular,Medium
931,33,1517.53,45.985757575757575,4,1,High Value,Medium
932,40,1800.95,45.02375,0,3,High Value,Medium
933,32,375.26,11.726875,3,0,Regular,Medium
938,38,1988.72,52.334736842105265,1,1,High Value,Medium
939,24,1538.53,64.10541666666667,2,2,High Value,Medium
940,41,1825.27,44.518780487804875,0,0,High Value,Medium
942,51,2658.07,52.11901960784314,0,0,High Value,High
944,43,4384.05,101.9546511627907,1,0,High Value,Medium
946,35,807.84,23.081142857142858,2,0,Regular,Medium
947,51,3441.79,67.48607843137255,0,0,High Value,High
948,20,1043.5,52.175,1,1,Regular,Low
949,23,1522.2,66.18260869565218,2,1,High Value,Medium
951,46,990.31,21.528478260869566,2,1,Regular,Medium
952,26,1707.06,65.65615384615384,1,0,High Value,Medium
954,78,3249.0099999999998,41.65397435897436,1,13,High Value,High
955,2,135.73999999999998,67.86999999999999,0,0,Regular,Low
957,50,2108.4900000000002,42.1698,7,1,High Value,Medium
961,54,1923.27,35.61611111111111,2,2,High Value,High
962,20,639.15,31.9575,2,1,Regular,Low
963,13,818.1100000000001,62.93153846153847,2,0,Regular,Low
964,27,1274.76,47.21333333333333,1,0,Regular,Medium
970,57,2094.79,36.750701754385965,1,1,High Value,High
972,54,1811.42,33.54481481481481,9,0,High Value,High
973,69,1091.94,15.82521739130435,4,2,Regular,High
976,58,4115.53,70.95741379310344,2,3,High Value,High
977,39,1024.11,26.259230769230765,2,1,Regular,Medium
979,23,1698.79,73.86043478260869,1,0,High Value,Medium
980,21,338.33,16.11095238095238,4,1,Regular,Medium
983,28,1053.1100000000001,37.611071428571435,0,0,Regular,Medium
984,42,1887.3999999999999,44.93809523809524,3,2,High Value,Medium
985,46,3965.33,86.20282608695652,2,0,High Value,Medium
986,43,603.85,14.043023255813955,2,0,Regular,Medium
987,100,3149.23,31.4923,0,0,High Value,High
988,20,808.35,40.417500000000004,2,1,Regular,Low
989,48,6217.72,129.53583333333333,0,2,High Value,Medium
990,27,756.89,28.032962962962962,1,0,Regular,Medium
992,32,2172.35,67.8859375,3,0,High Value,Medium
994,28,757.9,27.067857142857143,1,1,Regular,Medium
996,48,2541.79,52.95395833333333,2,1,High Value,Medium
997,128,5019.89,39.217890625,0,0,High Value,High
1002,17,455.21999999999997,26.77764705882353,3,0,Regular,Low
1003,37,4282.63,115.74675675675675,0,0,High Value,Medium
1006,35,1717.79,49.07971428571428,3,0,High Value,Medium
1008,67,750.6500000000001,11.203731343283584,1,0,Regular,High
1009,23,586.71,25.50913043478261,1,0,Regular,Medium
1012,15,1034.8600000000001,68.99066666666667,0,1,Regular,Low
1016,9,211.18,23.464444444444446,0,0,Regular,Low
1018,70,3224.51,46.06442857142857,3,2,High Value,High
1019,34,1345.51,39.57382352941176,3,2,Regular,Medium
1020,67,3160.79,47.17597014925373,2,1,High Value,High
1022,46,2631.15,57.198913043478264,1,1,High Value,Medium
1024,74,1501.05,20.28445945945946,1,0,Regular,High
1026,39,327.58,8.39948717948718,2,1,Regular,Medium
1027,22,2030.76,92.30727272727273,2,0,High Value,Medium
1028,55,2944.08,53.528727272727274,2,1,High Value,High
1029,21,1520.12,72.38666666666666,2,0,High Value,Medium
1030,38,339.33000000000004,8.929736842105264,2,0,Regular,Medium
1031,39,1166.71,29.915641025641026,3,1,Regular,Medium
1034,49,3132.49,63.92836734693877,2,0,High Value,Medium
1039,67,3291.23,49.122835820895524,0,0,High Value,High
1041,31,1303.47,42.04741935483871,1,0,Regular,Medium
1046,45,2623.67,58.30377777777778,9,0,High Value,Medium
1047,38,1856.21,48.84763157894737,1,0,High Value,Medium
1048,29,1685.79,58.13068965517241,1,1,High Value,Medium
1050,62,2386.4700000000003,38.49145161290323,3,0,High Value,High
1052,52,3763.08,72.36692307692307,2,2,High Value,High
1053,48,3449.09,71.85604166666667,1,0,High Value,Medium
1054,33,1384.09,41.94212121212121,0,1,Regular,Medium
1058,44,1753.77,39.85840909090909,1,1,High Value,Medium
1060,31,1088.46,35.111612903225804,2,1,Regular,Medium
1063,61,2312.98,37.91770491803279,2,0,High Value,High
1066,69,5228.7,75.77826086956522,0,2,High Value,High
1067,57,903.8499999999999,15.857017543859648,2,0,Regular,High
1069,41,1545.49,37.69487804878049,0,2,High Value,Medium
1070,31,1781.74,57.47548387096774,1,1,High Value,Medium
1072,40,1608.5,40.2125,1,1,High Value,Medium
1073,37,1398.07,37.78567567567568,3,0,Regular,Medium
1074,23,945.8299999999999,41.12304347826087,1,0,Regular,Medium
1075,73,2783.57,38.13109589041096,2,1,High Value,High
1076,31,1268.1599999999999,40.90838709677419,0,0,Regular,Medium
1077,80,1799.7,22.49625,1,3,High Value,High
1078,36,2565.17,71.25472222222223,2,0,High Value,Medium
1079,50,2584.98,51.699600000000004,3,1,High Value,Medium
1080,55,1500.79,27.28709090909091,0,0,Regular,High
1081,72,3002.87,41.70652777777778,11,0,High Value,High
1082,20,1107.43,55.371500000000005,0,0,Regular,Low
1083,80,3605.53,45.069125,1,1,High Value,High
1084,57,2448.4900000000002,42.955964912280706,1,0,High Value,High
1086,12,1300.79,108.39916666666666,1,0,Regular,Low
1087,26,495.53000000000003,19.058846153846154,2,0,Regular,Medium
1088,31,1081.73,34.89451612903226,2,0,Regular,Medium
1089,45,1430.94,31.79866666666667,1,0,Regular,Medium
1091,24,1069.74,44.5725,3,0,Regular,Medium
1094,26,1273.53,48.981923076923074,0,0,Regular,Medium
1095,33,1393.82,42.236969696969695,4,1,Regular,Medium
1096,64,2797.2,43.70625,2,1,High Value,High
1097,24,1046.47,43.602916666666665,1,0,Regular,Medium
1098,183,3288.35,17.96912568306011,55,5,High Value,High
1100,32,3771.31,117.8534375,0,0,High Value,Medium
1102,81,4411.2,54.459259259259255,4,2,High Value,High
1103,56,1890.0,33.75,3,1,High Value,High
1104,51,2599.49,50.970392156862744,0,0,High Value,High
1105,55,2690.82,48.924,3,1,High Value,High
1106,43,707.4,16.451162790697673,2,1,Regular,Medium
1107,52,1882.46,36.201153846153844,0,1,High Value,High
1114,40,1801.16,45.029,0,0,High Value,Medium
1115,47,2835.62,60.33234042553191,1,1,High Value,Medium
1116,60,4042.33,67.37216666666667,0,2,High Value,High
1117,42,3136.7000000000003,74.68333333333334,3,0,High Value,Medium
1118,29,3935.92,135.72137931034484,0,0,High Value,Medium
1121,71,3518.67,49.558732394366196,2,1,High Value,High
1123,35,599.76,17.136,4,0,Regular,Medium
1125,14,481.05,34.36071428571429,2,0,Regular,Low
1127,64,1538.32,24.03625,2,1,High Value,High
1128,32,811.0899999999999,25.346562499999997,4,2,Regular,Medium
1129,49,2085.37,42.558571428571426,2,1,High Value,Medium
1130,68,3012.71,44.30455882352941,3,1,High Value,High
1131,46,4397.46,95.59695652173913,1,0,High Value,Medium
1133,33,819.6800000000001,24.83878787878788,2,1,Regular,Medium
1135,51,2513.2799999999997,49.279999999999994,3,1,High Value,High
1137,26,1526.87,58.725769230769224,1,1,High Value,Medium
1138,60,2237.93,37.29883333333333,1,0,High Value,High
1140,51,2007.41,39.36098039215686,0,2,High Value,High
1141,45,1563.11,34.73577777777778,1,1,High Value,Medium
1142,23,1385.42,60.235652173913046,1,1,Regular,Medium
1144,71,2958.72,41.67211267605634,0,1,High Value,High
1145,68,2432.86,35.777352941176474,1,1,High Value,High
1147,104,2706.77,26.026634615384616,4,2,High Value,High
1148,42,1667.67,39.706428571428575,3,0,High Value,Medium
1150,51,1393.4,27.321568627450983,3,0,Regular,High
1151,18,239.21,13.289444444444445,1,0,Regular,Low
1153,18,373.67,20.759444444444444,0,1,Regular,Low
1155,49,1793.19,36.59571428571429,0,1,High Value,Medium
1156,53,4346.53,82.00999999999999,0,1,High Value,High
1163,21,2079.86,99.04095238095239,0,0,High Value,Medium
1164,35,2613.2599999999998,74.66457142857142,2,0,High Value,Medium
1166,57,1628.86,28.576491228070175,15,2,High Value,High
1168,114,7048.92,61.83263157894737,22,1,High Value,High
1169,118,5560.55,47.123305084745766,1,0,High Value,High
1170,40,2295.21,57.380250000000004,0,0,High Value,Medium
1171,26,950.98,36.576153846153844,1,0,Regular,Medium
1173,31,960.88,30.996129032258064,0,0,Regular,Medium
1176,75,4103.93,54.71906666666667,3,2,High Value,High
1177,47,859.0699999999999,18.278085106382978,2,0,Regular,Medium
1179,20,1216.42,60.821000000000005,1,0,Regular,Low
1180,49,2355.73,48.07612244897959,3,1,High Value,Medium
1181,46,2733.14,59.41608695652174,2,0,High Value,Medium
1183,32,1121.48,35.04625,1,1,Regular,Medium
1184,47,2051.36,43.64595744680852,2,0,High Value,Medium
1187,12,643.4000000000001,53.616666666666674,1,0,Regular,Low
1189,33,1289.68,39.081212121212126,3,1,Regular,Medium
1190,99,3884.66,39.2389898989899,2,3,High Value,High
1192,27,551.48,20.425185185185185,1,0,Regular,Medium
1193,55,2156.3,39.20545454545455,1,3,High Value,High
1194,54,1829.84,33.885925925925925,4,0,High Value,High
1195,52,2741.4,52.71923076923077,4,2,High Value,High
1196,35,2054.56,58.70171428571428,0,0,High Value,Medium
1198,67,2711.2,40.46567164179104,1,1,High Value,High
1201,26,3200.73,123.105,0,1,High Value,Medium
1202,41,394.15999999999997,9.613658536585366,0,0,Regular,Medium
1203,21,524.16,24.959999999999997,2,0,Regular,Medium
1204,18,994.3299999999999,55.24055555555555,0,0,Regular,Low
1207,59,2157.93,36.57508474576271,2,1,High Value,High
1208,47,878.09,18.682765957446808,5,0,Regular,Medium
1209,70,4103.71,58.624428571428574,0,0,High Value,High
1210,34,1135.15,33.38676470588236,2,0,Regular,Medium
1211,27,1511.88,55.99555555555556,2,0,High Value,Medium
1213,21,492.04,23.430476190476192,4,1,Regular,Medium
1214,45,1536.3600000000001,34.141333333333336,1,0,High Value,Medium
1217,31,1571.98,50.70903225806452,2,3,High Value,Medium
1219,37,3068.68,82.93729729729729,2,2,High Value,Medium
1221,41,808.71,19.724634146341465,4,1,Regular,Medium
1222,50,1424.83,28.496599999999997,3,0,Regular,Medium
1223,1,1721.94,1721.94,0,0,High Value,Low
1224,66,2402.51,36.40166666666667,2,3,High Value,High
1225,57,2432.61,42.677368421052634,1,0,High Value,High
1226,33,1550.75,46.99242424242424,2,0,High Value,Medium
1227,43,988.95,22.998837209302327,2,0,Regular,Medium
1228,43,1447.32,33.65860465116279,0,1,Regular,Medium
1229,34,2987.62,87.87117647058824,3,2,High Value,Medium
1234,45,805.03,17.889555555555553,0,1,Regular,Medium
1236,41,957.88,23.362926829268293,4,0,Regular,Medium
1237,101,3682.5499999999997,36.460891089108905,2,1,High Value,High
1238,43,3383.5,78.68604651162791,5,0,High Value,Medium
1239,39,1734.71,44.47974358974359,0,0,High Value,Medium
1240,43,1207.06,28.071162790697674,0,0,Regular,Medium
1241,55,4848.55,88.15545454545455,0,1,High Value,High
1242,42,1708.13,40.669761904761906,0,0,High Value,Medium
1243,25,2191.45,87.65799999999999,1,0,High Value,Medium
1245,39,1241.82,31.84153846153846,2,1,Regular,Medium
1246,26,1031.83,39.685769230769225,0,0,Regular,Medium
1247,27,1242.06,46.00222222222222,2,1,Regular,Medium
1248,38,1281.8799999999999,33.73368421052631,1,0,Regular,Medium
1250,43,2588.84,60.205581395348844,0,0,High Value,Medium
1251,40,870.06,21.7515,3,0,Regular,Medium
1253,84,4965.39,59.111785714285716,3,2,High Value,High
1254,31,473.40999999999997,15.271290322580644,2,3,Regular,Medium
1256,49,1347.32,27.496326530612244,1,0,Regular,Medium
1257,20,1371.65,68.58250000000001,0,0,Regular,Low
1258,34,1024.36,30.128235294117644,2,0,Regular,Medium
1259,49,4272.88,87.20163265306122,4,0,High Value,Medium
1260,19,375.67,19.772105263157897,0,0,Regular,Low
1261,30,534.66,17.822,4,1,Regular,Medium
1262,44,182.36,4.1445454545454545,2,0,Regular,Medium
1263,27,1095.85,40.587037037037035,1,0,Regular,Medium
1266,26,689.1,26.503846153846155,3,0,Regular,Medium
1267,22,1277.0,58.04545454545455,2,0,Regular,Medium
1268,24,778.23,32.42625,2,0,Regular,Medium
1269,57,1754.75,30.785087719298247,3,1,High Value,High
1274,75,3805.77,50.7436,2,1,High Value,High
1276,20,1703.65,85.1825,0,1,High Value,Low
1279,52,1899.17,36.5225,1,1,High Value,High
1281,19,747.08,39.32,0,0,Regular,Low
1282,26,839.94,32.30538461538462,1,0,Regular,Medium
1283,27,1833.54,67.90888888888888,1,3,High Value,Medium
1284,23,1511.92,65.73565217391305,0,1,High Value,Medium
1285,37,2895.44,78.25513513513513,0,0,High Value,Medium
1286,52,3046.42,58.585,3,1,High Value,High
1288,39,991.06,25.41179487179487,2,0,Regular,Medium
1289,13,177.13,13.625384615384615,0,0,Regular,Low
1291,32,2508.73,78.3978125,1,2,High Value,Medium
1293,71,4390.64,61.84,2,5,High Value,High
1294,40,2563.12,64.078,1,0,High Value,Medium
1295,83,2313.85,27.877710843373492,4,2,High Value,High
1296,91,2478.43,27.235494505494504,0,0,High Value,High
1298,20,812.16,40.608,0,0,Regular,Low
1299,32,2007.1,62.721875,1,0,High Value,Medium
1300,41,758.1700000000001,18.491951219512195,4,0,Regular,Medium
1301,38,1220.78,32.12578947368421,2,0,Regular,Medium
1302,42,2211.23,52.64833333333333,2,4,High Value,Medium
1303,19,2088.0,109.89473684210526,0,0,High Value,Low
1305,34,1039.05,30.560294117647057,1,0,Regular,Medium
1307,36,1693.75,47.048611111111114,2,1,High Value,Medium
1313,53,1547.98,29.207169811320757,2,0,High Value,High
1314,68,1930.48,28.389411764705883,3,0,High Value,High
1315,46,1881.6100000000001,40.90456521739131,1,0,High Value,Medium
1317,24,622.36,25.93166666666667,1,0,Regular,Medium
1323,39,1694.31,43.44384615384615,0,0,High Value,Medium
1324,38,1833.93,48.261315789473684,3,1,High Value,Medium
1326,26,702.28,27.01076923076923,2,2,Regular,Medium
1330,74,3652.99,49.364729729729724,0,0,High Value,High
1331,26,122.88,4.726153846153846,0,1,Regular,Medium
1332,35,1398.56,39.95885714285714,2,0,Regular,Medium
1334,27,544.89,20.18111111111111,3,0,Regular,Medium
1335,32,2430.66,75.958125,1,1,High Value,Medium
1340,73,5997.31,82.15493150684932,0,0,High Value,High
1341,54,2957.19,54.76277777777778,0,1,High Value,High
1344,45,1367.84,30.39644444444444,5,0,Regular,Medium
1345,33,1564.46,47.407878787878786,1,0,High Value,Medium
1347,23,875.39,38.060434782608695,0,0,Regular,Medium
1348,52,318.04,6.116153846153846,0,0,Regular,High
1352,21,1004.66,47.84095238095238,1,0,Regular,Medium
1353,23,616.25,26.793478260869566,4,0,Regular,Medium
1356,39,1316.06,33.7451282051282,0,0,Regular,Medium
1357,62,1606.01,25.903387096774193,2,0,High Value,High
1358,16,320.84,20.0525,0,0,Regular,Low
1360,20,710.53,35.5265,2,0,Regular,Low
1361,29,1031.95,35.584482758620695,0,1,Regular,Medium
1362,25,1305.82,52.2328,1,0,Regular,Medium
1364,12,70.49,5.8741666666666665,1,0,Regular,Low
1366,28,846.51,30.232499999999998,3,1,Regular,Medium
1367,31,553.7099999999999,17.861612903225804,1,0,Regular,Medium
1369,69,1450.06,21.01536231884058,3,1,Regular,High
1370,37,3265.16,88.24756756756756,0,0,High Value,Medium
1371,36,745.52,20.70888888888889,0,1,Regular,Medium
1376,46,1436.8,31.23478260869565,4,0,Regular,Medium
1378,43,1637.1000000000001,38.07209302325582,1,0,High Value,Medium
1379,63,2557.06,40.588253968253966,0,1,High Value,High
1381,66,1900.6499999999999,28.797727272727272,2,2,High Value,High
1382,67,1456.1299999999999,21.733283582089552,12,5,Regular,High
1383,52,2754.16,52.964615384615385,2,0,High Value,High
1384,35,1819.36,51.98171428571428,1,2,High Value,Medium
1385,45,4214.91,93.66466666666666,0,0,High Value,Medium
1391,72,3411.79,47.38597222222222,0,2,High Value,High
1393,41,1773.62,43.2590243902439,3,0,High Value,Medium
1394,44,1421.94,32.316818181818185,1,1,Regular,Medium
1397,30,600.66,20.022,2,0,Regular,Medium
1398,72,3752.36,52.11611111111111,2,1,High Value,High
1403,55,3376.91,61.398363636363634,1,2,High Value,High
1404,14,1142.85,81.63214285714285,1,1,Regular,Low
1405,41,1984.75,48.40853658536585,1,1,High Value,Medium
1406,24,203.39000000000001,8.474583333333333,1,0,Regular,Medium
1407,86,3132.27,36.42174418604651,2,1,High Value,High
1411,48,2149.82,44.78791666666667,1,0,High Value,Medium
1412,58,3117.23,53.74534482758621,0,1,High Value,High
1413,41,1585.5,38.670731707317074,2,1,High Value,Medium
1416,44,3468.44,78.82818181818182,0,0,High Value,Medium
1417,31,1632.57,52.663548387096775,2,0,High Value,Medium
1421,12,506.3,42.19166666666667,2,0,Regular,Low
1422,33,956.47,28.983939393939394,0,0,Regular,Medium
1424,52,1144.8600000000001,22.016538461538463,9,1,Regular,High
1425,52,2033.3899999999999,39.10365384615385,1,1,High Value,High
1427,32,2872.61,89.7690625,0,0,High Value,Medium
1428,54,182.32999999999998,3.376481481481481,2,1,Regular,High
1429,21,1600.33,76.20619047619047,0,0,High Value,Medium
1430,34,1476.4,43.42352941176471,3,0,Regular,Medium
1432,54,2264.24,41.93037037037037,1,0,High Value,High
1433,61,2974.61,48.76409836065574,4,0,High Value,High
1434,14,274.41,19.600714285714286,1,0,Regular,Low
1435,58,2784.58,48.01,1,1,High Value,High
1437,69,2206.33,31.975797101449274,0,3,High Value,High
1439,31,754.06,24.324516129032258,0,0,Regular,Medium
1442,42,1779.66,42.37285714285714,2,1,High Value,Medium
1443,51,2648.41,51.929607843137255,0,1,High Value,High
1444,46,3045.19,66.19978260869566,1,1,High Value,Medium
1445,49,608.82,12.424897959183674,2,1,Regular,Medium
1446,20,857.29,42.8645,1,1,Regular,Low
1448,71,3036.75,42.771126760563384,1,1,High Value,High
1449,41,935.89,22.82658536585366,2,0,Regular,Medium
1451,77,4163.46,54.07090909090909,1,2,High Value,High
1452,99,3690.99,37.28272727272727,25,2,High Value,High
1453,72,1945.55,27.021527777777777,5,0,High Value,High
1455,35,589.09,16.831142857142858,3,1,Regular,Medium
1456,45,3039.14,67.53644444444444,0,1,High Value,Medium
1458,23,1716.07,74.61173913043478,2,1,High Value,Medium
1459,94,1346.66,14.326170212765959,13,0,Regular,High
1461,53,1060.96,20.01811320754717,2,0,Regular,High
1463,71,2263.94,31.886478873239437,0,1,High Value,High
1464,40,3697.0099999999998,92.42524999999999,0,1,High Value,Medium
1466,62,2164.85,34.916935483870965,0,1,High Value,High
1467,36,1350.3,37.50833333333333,0,0,Regular,Medium
1470,21,1294.6,61.647619047619045,0,2,Regular,Medium
1471,23,821.66,35.724347826086955,2,0,Regular,Medium
1473,29,707.01,24.37965517241379,1,1,Regular,Medium
1475,67,1156.39,17.25955223880597,4,2,Regular,High
1477,23,832.77,36.20739130434782,1,0,Regular,Medium
1478,31,643.42,20.75548387096774,1,0,Regular,Medium
1479,23,754.1700000000001,32.790000000000006,1,0,Regular,Medium
1482,48,2291.96,47.74916666666667,2,1,High Value,Medium
1484,51,1124.82,22.05529411764706,2,0,Regular,High
1485,43,1692.59,39.36255813953488,0,0,High Value,Medium
1486,17,287.47,16.91,1,0,Regular,Low
1487,62,4250.33,68.55370967741935,3,0,High Value,High
1488,33,897.47,27.196060606060605,0,2,Regular,Medium
1490,38,1723.06,45.34368421052631,2,0,High Value,Medium
1492,55,1421.76,25.850181818181817,1,1,Regular,High
1493,30,2279.47,75.98233333333333,2,0,High Value,Medium
1494,13,432.72,33.28615384615385,0,0,Regular,Low
1495,47,2371.27,50.452553191489365,3,0,High Value,Medium
1497,33,1769.47,53.620303030303035,0,0,High Value,Medium
1498,38,2527.63,66.51657894736843,2,1,High Value,Medium
1499,15,512.78,34.18533333333333,1,0,Regular,Low
1500,32,2259.43,70.6071875,0,1,High Value,Medium
1503,27,1212.35,44.90185185185185,3,0,Regular,Medium
1504,32,1306.54,40.829375,2,0,Regular,Medium
1507,29,1159.94,39.99793103448276,2,0,Regular,Medium
1508,19,525.6700000000001,27.66684210526316,0,1,Regular,Low
1509,55,1613.88,29.34327272727273,0,0,High Value,High
1510,9,413.24,45.91555555555556,0,0,Regular,Low
1511,28,1082.02,38.64357142857143,0,0,Regular,Medium
1512,42,2362.81,56.25738095238095,0,0,High Value,Medium
1513,36,1993.3899999999999,55.37194444444444,1,1,High Value,Medium
1514,22,604.24,27.465454545454545,2,1,Regular,Medium
1515,37,1698.63,45.90891891891892,1,1,High Value,Medium
1516,56,2482.0,44.32142857142857,5,1,High Value,High
1517,35,3001.0,85.74285714285715,2,1,High Value,Medium
1518,40,1711.75,42.79375,1,1,High Value,Medium
1519,38,1025.13,26.9771052631579,0,0,Regular,Medium
1520,62,2895.07,46.69467741935484,2,0,High Value,High
1521,17,739.34,43.49058823529412,1,0,Regular,Low
1523,33,586.84,17.783030303030305,2,0,Regular,Medium
1525,38,417.34999999999997,10.982894736842104,2,1,Regular,Medium
1526,25,1279.7,51.188,3,1,Regular,Medium
1527,8,167.23,20.90375,0,0,Regular,Low
1528,74,4435.55,59.939864864864866,1,1,High Value,High
1529,65,2382.68,36.656615384615385,1,1,High Value,High
1530,14,-145.23,-10.373571428571427,3,0,Regular,Low
1531,30,1409.97,46.999,1,0,Regular,Medium
1533,42,2726.82,64.92428571428572,3,0,High Value,Medium
1534,86,3945.57,45.87872093023256,4,2,High Value,High
1535,38,1583.84,41.68,1,0,High Value,Medium
1538,47,2006.99,42.70191489361702,0,1,High Value,Medium
1540,83,3364.9,40.54096385542169,1,0,High Value,High
1541,95,3747.79,39.450421052631576,2,1,High Value,High
1542,26,571.9,21.996153846153845,2,0,Regular,Medium
1543,80,3454.82,43.18525,1,2,High Value,High
1544,23,1653.01,71.87,0,0,High Value,Medium
1546,25,556.91,22.2764,1,1,Regular,Medium
1549,23,678.47,29.498695652173915,4,2,Regular,Medium
1551,47,3396.4900000000002,72.26574468085107,1,0,High Value,Medium
1552,16,1229.28,76.83,2,2,Regular,Low
1555,11,856.13,77.83,0,1,Regular,Low
1556,22,1485.13,67.5059090909091,1,1,Regular,Medium
1557,21,489.14,23.292380952380952,3,1,Regular,Medium
1558,39,2539.5,65.11538461538461,2,0,High Value,Medium
1559,110,3220.17,29.274272727272727,9,1,High Value,High
1560,14,588.57,42.04071428571429,1,0,Regular,Low
1561,35,2158.75,61.67857142857143,2,0,High Value,Medium
1562,29,364.37,12.56448275862069,2,0,Regular,Medium
1563,57,1994.79,34.996315789473684,3,2,High Value,High
1564,26,739.64,28.447692307692307,2,0,Regular,Medium
1567,39,2828.1,72.51538461538462,1,0,High Value,Medium
1568,27,1915.35,70.93888888888888,0,0,High Value,Medium
1569,33,2311.19,70.0360606060606,1,0,High Value,Medium
1571,20,1435.1299999999999,71.75649999999999,1,0,Regular,Low
1575,110,6001.55,54.55954545454546,2,2,High Value,High
1576,56,1518.4,27.114285714285717,2,0,High Value,High
1577,21,630.78,30.037142857142857,1,0,Regular,Medium
1579,27,916.54,33.94592592592593,0,1,Regular,Medium
1581,72,1296.85,18.011805555555554,1,0,Regular,High
1582,18,1442.34,80.13,1,0,Regular,Low
1583,30,497.88,16.596,1,3,Regular,Medium
1584,21,1580.8899999999999,75.28047619047618,0,0,High Value,Medium
1585,39,2487.16,63.773333333333326,3,1,High Value,Medium
1586,46,1672.15,36.35108695652174,4,0,High Value,Medium
1587,43,4173.84,97.06604651162792,2,1,High Value,Medium
1589,7,83.09,11.870000000000001,2,0,Regular,Low
1591,82,3053.72,37.24048780487804,1,2,High Value,High
1594,17,723.63,42.56647058823529,1,0,Regular,Low
1595,104,4672.99,44.93259615384615,1,1,High Value,High
1596,46,2983.8,64.86521739130436,1,0,High Value,Medium
1598,17,966.27,56.83941176470588,0,1,Regular,Low
1600,54,2710.6800000000003,50.19777777777778,2,0,High Value,High
1602,21,501.81,23.895714285714284,4,0,Regular,Medium
1603,30,1364.91,45.497,1,0,Regular,Medium
1604,92,1477.29,16.0575,11,1,Regular,High
1605,28,1170.31,41.79678571428571,1,2,Regular,Medium
1606,18,1182.42,65.69,3,1,Regular,Low
1609,23,259.2099999999999,11.269999999999996,3,0,Regular,Medium
1610,55,869.42,15.807636363636362,2,0,Regular,High
1613,31,1747.0,56.354838709677416,2,1,High Value,Medium
1615,31,1736.65,56.020967741935486,0,1,High Value,Medium
1616,49,2092.0,42.69387755102041,5,0,High Value,Medium
1617,16,-281.24,-17.5775,2,0,Regular,Low
1618,42,1734.17,41.2897619047619,0,2,High Value,Medium
1619,20,668.75,33.4375,0,1,Regular,Low
1621,41,1641.02,40.02487804878049,0,1,High Value,Medium
1622,37,2661.66,71.93675675675675,0,0,High Value,Medium
1623,35,2186.61,62.47457142857143,1,1,High Value,Medium
1626,43,3559.55,82.78023255813955,0,0,High Value,Medium
1629,64,2675.46,41.8040625,0,0,High Value,High
1633,39,1609.94,41.28051282051282,0,0,High Value,Medium
1634,47,794.38,16.901702127659576,0,0,Regular,Medium
1635,39,688.8100000000001,17.661794871794875,5,0,Regular,Medium
1636,32,118.31,3.6971875,3,0,Regular,Medium
1638,54,2399.88,44.44222222222223,1,2,High Value,High
1639,37,2609.71,70.53270270270271,3,1,High Value,Medium
1640,20,812.9,40.644999999999996,2,1,Regular,Low
1642,47,1294.26,27.537446808510637,0,1,Regular,Medium
1644,50,1597.46,31.9492,0,0,High Value,Medium
1645,38,2158.43,56.800789473684205,2,0,High Value,Medium
1646,27,1068.93,39.59,0,1,Regular,Medium
1648,79,4165.84,52.73215189873418,2,1,High Value,High
1649,9,384.56,42.72888888888889,0,0,Regular,Low
1651,52,4362.71,83.89826923076923,0,4,High Value,High
1652,15,269.88,17.992,1,0,Regular,Low
1654,102,4336.42,42.51392156862745,16,1,High Value,High
1656,8,-39.89999999999999,-4.987499999999999,1,0,Regular,Low
1659,102,3348.35,32.82696078431373,3,3,High Value,High
1660,30,472.69,15.756333333333334,4,1,Regular,Medium
1662,61,5388.62,88.33803278688525,0,2,High Value,High
1664,65,1040.48,16.007384615384616,3,0,Regular,High
1666,48,1442.1100000000001,30.043958333333336,0,0,Regular,Medium
1668,39,2577.09,66.07923076923078,2,0,High Value,Medium
1669,26,1317.44,50.67076923076923,2,0,Regular,Medium
1670,30,849.21,28.307000000000002,2,0,Regular,Medium
1671,30,798.89,26.629666666666665,1,2,Regular,Medium
1672,16,153.36,9.585,0,0,Regular,Low
1674,24,201.61,8.400416666666667,5,0,Regular,Medium
1675,19,1233.25,64.90789473684211,0,0,Regular,Low
1676,41,1646.96,40.16975609756098,1,0,High Value,Medium
1677,53,2221.55,41.91603773584906,3,0,High Value,High
1678,32,1807.29,56.4778125,0,1,High Value,Medium
1680,7,363.64,51.94857142857143,0,0,Regular,Low
1682,35,643.15,18.375714285714285,1,0,Regular,Medium
1684,48,1113.45,23.196875000000002,2,2,Regular,Medium
1685,36,2459.62,68.32277777777777,2,0,High Value,Medium
1686,74,7918.0199999999995,107.00027027027026,1,1,High Value,High
1687,93,3147.07,33.8394623655914,2,1,High Value,High
1692,79,6518.299999999999,82.51012658227847,14,0,High Value,High
1693,33,1558.84,47.237575757575755,1,0,High Value,Medium
1694,39,3764.3399999999997,96.52153846153846,1,0,High Value,Medium
1695,24,773.55,32.231249999999996,4,2,Regular,Medium
1696,122,3710.19,30.411393442622952,26,6,High Value,High
1697,36,721.86,20.051666666666666,3,1,Regular,Medium
1699,56,2594.27,46.32625,1,0,High Value,High
1700,26,1030.35,39.62884615384615,0,0,Regular,Medium
1702,42,1940.69,46.20690476190477,5,1,High Value,Medium
1703,56,2759.3,49.27321428571429,2,0,High Value,High
1709,19,760.64,40.03368421052632,0,1,Regular,Low
1710,28,973.44,34.76571428571429,2,2,Regular,Medium
1712,52,1776.94,34.17192307692308,4,0,High Value,High
1717,86,4516.9,52.52209302325581,2,4,High Value,High
1718,92,3314.05,36.022282608695654,2,2,High Value,High
1719,45,1301.43,28.92066666666667,1,0,Regular,Medium
1720,31,2546.85,82.15645161290323,0,0,High Value,Medium
1723,15,951.13,63.40866666666667,0,0,Regular,Low
1725,40,1287.35,32.183749999999996,3,0,Regular,Medium
1727,103,1867.03,18.12650485436893,25,4,High Value,High
1728,26,1560.47,60.018076923076926,1,0,High Value,Medium
1730,33,1067.31,32.342727272727274,3,0,Regular,Medium
1731,14,408.7,29.192857142857143,1,0,Regular,Low
1733,36,1746.48,48.513333333333335,0,3,High Value,Medium
1735,31,1279.6,41.277419354838706,1,1,Regular,Medium
1736,118,2516.68,21.32779661016949,19,0,High Value,High
1737,34,1000.45,29.425,0,0,Regular,Medium
1740,13,458.52,35.27076923076923,0,1,Regular,Low
1741,32,2300.2599999999998,71.88312499999999,0,1,High Value,Medium
1742,33,1065.37,32.28393939393939,1,1,Regular,Medium
1744,11,288.08,26.189090909090908,1,0,Regular,Low
1746,21,1069.26,50.917142857142856,0,0,Regular,Medium
1749,19,292.59,15.399473684210525,3,0,Regular,Low
1750,38,2263.49,59.56552631578947,2,3,High Value,Medium
1752,61,888.32,14.562622950819673,13,2,Regular,High
1753,28,1329.83,47.49392857142857,0,0,Regular,Medium
1755,58,2025.85,34.92844827586207,2,1,High Value,High
1756,31,3402.05,109.74354838709678,4,0,High Value,Medium
1757,34,878.93,25.850882352941174,3,0,Regular,Medium
1758,55,817.01,14.854727272727272,1,1,Regular,High
1759,57,2017.22,35.38982456140351,3,1,High Value,High
1762,14,424.81,30.34357142857143,1,0,Regular,Low
1763,40,1212.0,30.3,2,0,Regular,Medium
1764,20,667.4100000000001,33.37050000000001,0,0,Regular,Low
1765,40,1578.29,39.45725,3,0,High Value,Medium
1766,15,-34.37000000000002,-2.2913333333333346,1,0,Regular,Low
1769,60,1706.94,28.449,0,0,High Value,High
1770,32,1283.4,40.10625,0,0,Regular,Medium
1771,57,1412.08,24.773333333333333,5,1,Regular,High
1772,64,2909.21,45.45640625,1,2,High Value,High
1774,38,1701.2,44.76842105263158,1,0,High Value,Medium
1775,63,2774.02,44.03206349206349,7,2,High Value,High
1776,148,4836.36,32.678108108108106,26,1,High Value,High
1777,55,1688.26,30.695636363636364,1,0,High Value,High
1779,41,1613.99,39.36560975609756,1,0,High Value,Medium
1781,31,880.24,28.39483870967742,5,0,Regular,Medium
1782,32,737.85,23.0578125,6,1,Regular,Medium
1783,44,1253.24,28.482727272727274,2,0,Regular,Medium
1785,25,808.47,32.3388,0,1,Regular,Medium
1786,68,835.14,12.281470588235294,6,0,Regular,High
1787,43,2435.7799999999997,56.6460465116279,1,1,High Value,Medium
1788,43,1658.95,38.580232558139535,1,0,High Value,Medium
1789,43,1941.3400000000001,45.14744186046512,1,1,High Value,Medium
1791,35,1676.44,47.89828571428571,1,2,High Value,Medium
1793,12,-112.59000000000003,-9.382500000000002,2,1,Regular,Low
1794,30,1361.03,45.367666666666665,1,0,Regular,Medium
1797,109,5778.05,53.00963302752294,1,4,High Value,High
1799,67,2080.31,31.049402985074625,4,0,High Value,High
1802,78,5922.33,75.92730769230769,1,1,High Value,High
1805,30,565.7,18.85666666666667,2,0,Regular,Medium
1807,71,3373.55,47.51478873239437,0,2,High Value,High
1808,28,1434.78,51.24214285714286,0,0,Regular,Medium
1809,60,3067.11,51.118500000000004,2,0,High Value,High
1810,28,1010.49,36.088928571428575,3,1,Regular,Medium
1811,77,4099.7,53.24285714285714,4,2,High Value,High
1812,40,3069.07,76.72675000000001,2,1,High Value,Medium
1813,39,2671.96,68.51179487179488,0,3,High Value,Medium
1815,33,1841.02,55.78848484848485,0,3,High Value,Medium
1816,23,1210.67,52.63782608695652,1,0,Regular,Medium
1817,53,4209.74,79.42905660377357,1,0,High Value,High
1818,68,2959.33,43.51955882352941,0,0,High Value,High
1820,17,805.76,47.39764705882353,0,0,Regular,Low
1823,40,3382.72,84.568,0,0,High Value,Medium
1825,46,1495.24,32.50521739130435,2,1,Regular,Medium
1826,25,354.06,14.1624,0,0,Regular,Medium
1827,27,2111.13,78.19,0,1,High Value,Medium
1830,37,2033.34,54.95513513513513,1,1,High Value,Medium
1833,18,453.26,25.18111111111111,1,1,Regular,Low
1834,29,1437.81,49.579655172413794,1,0,Regular,Medium
1837,43,1566.34,36.426511627906976,3,0,High Value,Medium
1840,44,1271.06,28.887727272727272,1,0,Regular,Medium
1842,57,2278.86,39.980000000000004,2,0,High Value,High
1843,69,2738.79,39.692608695652176,0,1,High Value,High
1844,30,1170.18,39.006,0,1,Regular,Medium
1846,26,61.330000000000034,2.358846153846155,4,0,Regular,Medium
1849,44,1591.1000000000001,36.16136363636364,0,2,High Value,Medium
1851,23,2162.18,94.00782608695651,1,0,High Value,Medium
1852,59,3112.7999999999997,52.7593220338983,1,0,High Value,High
1853,40,848.0,21.2,2,0,Regular,Medium
1854,21,1580.71,75.27190476190476,4,0,High Value,Medium
1855,33,941.09,28.51787878787879,3,0,Regular,Medium
1856,31,983.13,31.713870967741936,0,0,Regular,Medium
1857,38,2336.41,61.48447368421052,1,0,High Value,Medium
1858,30,719.6899999999999,23.989666666666665,2,0,Regular,Medium
1859,23,609.72,26.509565217391305,0,0,Regular,Medium
1861,29,1082.52,37.32827586206896,1,0,Regular,Medium
1862,19,604.85,31.83421052631579,0,0,Regular,Low
1863,39,2465.5,63.217948717948715,1,0,High Value,Medium
1871,24,833.73,34.73875,1,0,Regular,Medium
1872,40,1260.9399999999998,31.523499999999995,2,0,Regular,Medium
1873,75,2447.46,32.6328,3,0,High Value,High
1874,37,1526.48,41.25621621621622,0,0,High Value,Medium
1875,24,1989.45,82.89375,1,0,High Value,Medium
1876,7,370.3,52.9,0,0,Regular,Low
1877,52,3592.23,69.08134615384616,1,1,High Value,High
1879,14,838.76,59.91142857142857,0,1,Regular,Low
1880,51,2091.81,41.015882352941176,1,3,High Value,High
1881,60,1351.1299999999999,22.51883333333333,3,0,Regular,High
1882,25,2108.05,84.322,1,0,High Value,Medium
1885,76,3281.56,43.17842105263158,5,4,High Value,High
1888,169,4003.4700000000003,23.689171597633138,62,5,High Value,High
1891,30,1299.42,43.314,0,1,Regular,Medium
1895,39,1462.38,37.49692307692308,0,1,Regular,Medium
1896,51,1372.8899999999999,26.91941176470588,3,0,Regular,High
1897,61,2771.6,45.43606557377049,1,1,High Value,High
1898,54,1919.35,35.54351851851852,2,0,High Value,High
1899,22,440.15999999999997,20.007272727272724,1,0,Regular,Medium
1901,73,2219.24,30.400547945205478,13,3,High Value,High
1902,37,1718.28,46.44,1,1,High Value,Medium
1903,58,2386.77,41.15120689655173,0,1,High Value,High
1904,77,1942.43,25.226363636363637,10,1,High Value,High
1905,24,869.3,36.22083333333333,1,0,Regular,Medium
1908,52,3549.85,68.26634615384616,0,0,High Value,High
1909,69,1681.3700000000001,24.367681159420293,0,1,High Value,High
1910,81,2883.16,35.59456790123457,4,0,High Value,High
1913,40,1257.04,31.426,1,0,Regular,Medium
1915,54,3968.09,73.48314814814815,3,1,High Value,High
1916,38,1212.21,31.900263157894738,3,0,Regular,Medium
1917,41,1767.27,43.10414634146341,3,1,High Value,Medium
1918,32,1345.0,42.03125,0,1,Regular,Medium
1919,53,2262.98,42.697735849056606,4,0,High Value,High
1920,50,2765.2799999999997,55.3056,1,1,High Value,Medium
1921,30,1248.23,41.60766666666667,4,1,Regular,Medium
1923,28,1432.68,51.167142857142856,2,0,Regular,Medium
1926,38,869.18,22.873157894736842,0,1,Regular,Medium
1928,36,1802.24,50.062222222222225,0,0,High Value,Medium
1931,71,8039.26,113.22901408450704,1,0,High Value,High
1936,40,2240.23,56.00575,0,0,High Value,Medium
1937,47,3551.89,75.57212765957446,4,1,High Value,Medium
1940,29,378.19000000000005,13.041034482758622,1,1,Regular,Medium
1941,79,840.93,10.644683544303797,17,2,Regular,High
1942,17,125.8,7.3999999999999995,0,1,Regular,Low
1944,39,967.08,24.79692307692308,2,0,Regular,Medium
1945,12,576.18,48.01499999999999,0,0,Regular,Low
1946,32,1564.01,48.8753125,1,0,High Value,Medium
1954,40,3072.27,76.80675,0,1,High Value,Medium
1955,54,2845.94,52.702592592592595,0,0,High Value,High
1956,24,679.13,28.297083333333333,0,1,Regular,Medium
1957,12,810.3399999999999,67.52833333333332,1,1,Regular,Low
1958,37,661.85,17.88783783783784,1,0,Regular,Medium
1959,24,1966.2,81.925,3,1,High Value,Medium
1962,58,3199.61,55.165689655172415,2,1,High Value,High
1963,159,3999.5,25.154088050314467,2,2,High Value,High
1964,37,1834.3,49.575675675675676,0,0,High Value,Medium
1966,94,2347.4,24.972340425531915,12,0,High Value,High
1967,44,1899.25,43.16477272727273,0,2,High Value,Medium
1969,70,3221.2,46.01714285714286,2,0,High Value,High
1971,43,1511.67,35.155116279069766,2,1,High Value,Medium
1972,29,383.03999999999996,13.208275862068964,0,0,Regular,Medium
1973,20,1047.95,52.3975,1,1,Regular,Low
1975,26,1168.21,44.93115384615385,1,0,Regular,Medium
1976,42,2357.63,56.13404761904762,1,1,High Value,Medium
1977,35,420.15000000000003,12.004285714285714,1,0,Regular,Medium
1979,29,319.96,11.033103448275861,7,1,Regular,Medium
1980,18,1135.2,63.06666666666667,0,0,Regular,Low
1981,24,63.76000000000002,2.6566666666666676,4,0,Regular,Medium
1983,40,2281.61,57.04025,2,0,High Value,Medium
1985,77,796.8,10.348051948051948,3,1,Regular,High
1986,25,1307.4,52.29600000000001,0,0,Regular,Medium
1987,20,681.86,34.093,2,0,Regular,Low
1988,84,6206.88,73.89142857142858,2,1,High Value,High
1989,55,4655.92,84.6530909090909,0,0,High Value,High
1992,64,1690.19,26.40921875,1,0,High Value,High
1993,37,1621.94,43.836216216216215,1,0,High Value,Medium
1994,30,1533.08,51.102666666666664,0,2,High Value,Medium
1995,46,1719.24,37.374782608695654,3,1,High Value,Medium
1996,34,1748.22,51.41823529411765,3,0,High Value,Medium
1997,43,2023.2,47.051162790697674,0,0,High Value,Medium
1998,16,252.60999999999999,15.788124999999999,0,0,Regular,Low
